TransactionID,AccountID,AccountHolder,TransactionDate,TransactionType,Amount,AccountBalance,MerchantID,Location,SenderName,SenderID,SenderAccountNo
TX_HI_1,ACC_B,Target_B,2026-03-27 08:16:49,Transfer,1000000,5000000,M_HI,Extreme,Target_A,ACC_A,SACC_A
TX_HI_2,ACC_B,Target_B,2026-03-27 08:16:50,Transfer,1000000,5000000,M_HI,Extreme,Target_A,ACC_A,SACC_A
TX_HI_3,ACC_B,Target_B,2026-03-27 08:16:51,Transfer,1000000,5000000,M_HI,Extreme,Target_A,ACC_A,SACC_A
TX_HI_4,ACC_B,Target_B,2026-03-27 08:16:52,Transfer,1000000,5000000,M_HI,Extreme,Target_A,ACC_A,SACC_A
TX_HI_5,ACC_B,Target_B,2026-03-27 08:16:53,Transfer,1000000,5000000,M_HI,Extreme,Target_A,ACC_A,SACC_A
TX_HI_6,ACC_B,Target_B,2026-03-27 08:16:54,Transfer,1000000,5000000,M_HI,Extreme,Target_A,ACC_A,SACC_A
TX_HI_7,ACC_B,Target_B,2026-03-27 08:16:55,Transfer,1000000,5000000,M_HI,Extreme,Target_A,ACC_A,SACC_A
TX_HI_8,ACC_B,Target_B,2026-03-27 08:16:56,Transfer,1000000,5000000,M_HI,Extreme,Target_A,ACC_A,SACC_A
TX_HI_9,ACC_B,Target_B,2026-03-27 08:16:57,Transfer,1000000,5000000,M_HI,Extreme,Target_A,ACC_A,SACC_A
TX_HI_10,ACC_B,Target_B,2026-03-27 08:16:58,Transfer,1000000,5000000,M_HI,Extreme,Target_A,ACC_A,SACC_A
TX_HI_11,ACC_B,Target_B,2026-03-27 08:16:59,Transfer,1000000,5000000,M_HI,Extreme,Target_A,ACC_A,SACC_A
TX_HI_12,ACC_B,Target_B,2026-03-27 08:17:00,Transfer,1000000,5000000,M_HI,Extreme,Target_A,ACC_A,SACC_A
TX_HI_13,ACC_B,Target_B,2026-03-27 08:17:01,Transfer,1000000,5000000,M_HI,Extreme,Target_A,ACC_A,SACC_A
TX_HI_14,ACC_B,Target_B,2026-03-27 08:17:02,Transfer,1000000,5000000,M_HI,Extreme,Target_A,ACC_A,SACC_A
TX_HI_15,ACC_B,Target_B,2026-03-27 08:17:03,Transfer,1000000,5000000,M_HI,Extreme,Target_A,ACC_A,SACC_A
TX_HI_16,ACC_B,Target_B,2026-03-27 08:17:04,Transfer,1000000,5000000,M_HI,Extreme,Target_A,ACC_A,SACC_A
TX_HI_17,ACC_B,Target_B,2026-03-27 08:17:05,Transfer,1000000,5000000,M_HI,Extreme,Target_A,ACC_A,SACC_A
TX_HI_18,ACC_B,Target_B,2026-03-27 08:17:06,Transfer,1000000,5000000,M_HI,Extreme,Target_A,ACC_A,SACC_A
TX_HI_19,ACC_B,Target_B,2026-03-27 08:17:07,Transfer,1000000,5000000,M_HI,Extreme,Target_A,ACC_A,SACC_A
TX_HI_20,ACC_B,Target_B,2026-03-27 08:17:08,Transfer,1000000,5000000,M_HI,Extreme,Target_A,ACC_A,SACC_A
TX_L1,ACC_C,Target_C,2026-03-27 08:17:18,Transfer,999999,4000000,ML,Global,Target_B,ACC_B,SACC_B
TX_L2,ACC_D,Target_D,2026-03-27 08:17:19,Transfer,999999,3000000,ML,Global,Target_C,ACC_C,SACC_C
TX_L3,ACC_E,Target_E,2026-03-27 08:17:20,Transfer,999999,2000000,ML,Global,Target_D,ACC_D,SACC_D
TX_L4,ACC_A,Target_A,2026-03-27 08:17:21,Transfer,999999,1000000,ML,Global,Target_E,ACC_E,SACC_E
TX_NORM_1,NORM_1,User_1,2026-03-27 08:15:49,Payment,50,5000,M_NORM,City,RegSender_1,S_1,SA_1
TX_NORM_2,NORM_2,User_2,2026-03-27 08:15:50,Payment,50,5000,M_NORM,City,RegSender_2,S_2,SA_2
TX_NORM_3,NORM_3,User_3,2026-03-27 08:15:51,Payment,50,5000,M_NORM,City,RegSender_3,S_3,SA_3
TX_NORM_4,NORM_4,User_4,2026-03-27 08:15:52,Payment,50,5000,M_NORM,City,RegSender_4,S_4,SA_4
TX_NORM_5,NORM_5,User_5,2026-03-27 08:15:53,Payment,50,5000,M_NORM,City,RegSender_5,S_5,SA_5
TX_NORM_6,NORM_6,User_6,2026-03-27 08:15:54,Payment,50,5000,M_NORM,City,RegSender_6,S_6,SA_6
TX_NORM_7,NORM_7,User_7,2026-03-27 08:15:55,Payment,50,5000,M_NORM,City,RegSender_7,S_7,SA_7
TX_NORM_8,NORM_8,User_8,2026-03-27 08:15:56,Payment,50,5000,M_NORM,City,RegSender_8,S_8,SA_8
TX_NORM_9,NORM_9,User_9,2026-03-27 08:15:57,Payment,50,5000,M_NORM,City,RegSender_9,S_9,SA_9
TX_NORM_10,NORM_10,User_10,2026-03-27 08:15:58,Payment,50,5000,M_NORM,City,RegSender_10,S_10,SA_10
TX_NORM_11,NORM_11,User_11,2026-03-27 08:15:59,Payment,50,5000,M_NORM,City,RegSender_11,S_11,SA_11
TX_NORM_12,NORM_12,User_12,2026-03-27 08:16:00,Payment,50,5000,M_NORM,City,RegSender_12,S_12,SA_12
TX_NORM_13,NORM_13,User_13,2026-03-27 08:16:01,Payment,50,5000,M_NORM,City,RegSender_13,S_13,SA_13
TX_NORM_14,NORM_14,User_14,2026-03-27 08:16:02,Payment,50,5000,M_NORM,City,RegSender_14,S_14,SA_14
TX_NORM_15,NORM_15,User_15,2026-03-27 08:16:03,Payment,50,5000,M_NORM,City,RegSender_15,S_15,SA_15
TX_NORM_16,NORM_16,User_16,2026-03-27 08:16:04,Payment,50,5000,M_NORM,City,RegSender_16,S_16,SA_16
TX_NORM_17,NORM_17,User_17,2026-03-27 08:16:05,Payment,50,5000,M_NORM,City,RegSender_17,S_17,SA_17
TX_NORM_18,NORM_18,User_18,2026-03-27 08:16:06,Payment,50,5000,M_NORM,City,RegSender_18,S_18,SA_18
TX_NORM_19,NORM_19,User_19,2026-03-27 08:16:07,Payment,50,5000,M_NORM,City,RegSender_19,S_19,SA_19
TX_NORM_20,NORM_20,User_20,2026-03-27 08:16:08,Payment,50,5000,M_NORM,City,RegSender_20,S_20,SA_20
TX_NORM_21,NORM_21,User_21,2026-03-27 08:16:09,Payment,50,5000,M_NORM,City,RegSender_21,S_21,SA_21
TX_NORM_22,NORM_22,User_22,2026-03-27 08:16:10,Payment,50,5000,M_NORM,City,RegSender_22,S_22,SA_22
TX_NORM_23,NORM_23,User_23,2026-03-27 08:16:11,Payment,50,5000,M_NORM,City,RegSender_23,S_23,SA_23
TX_NORM_24,NORM_24,User_24,2026-03-27 08:16:12,Payment,50,5000,M_NORM,City,RegSender_24,S_24,SA_24
TX_NORM_25,NORM_25,User_25,2026-03-27 08:16:13,Payment,50,5000,M_NORM,City,RegSender_25,S_25,SA_25
TX_NORM_26,NORM_26,User_26,2026-03-27 08:16:14,Payment,50,5000,M_NORM,City,RegSender_26,S_26,SA_26
TX_NORM_27,NORM_27,User_27,2026-03-27 08:16:15,Payment,50,5000,M_NORM,City,RegSender_27,S_27,SA_27
TX_NORM_28,NORM_28,User_28,2026-03-27 08:16:16,Payment,50,5000,M_NORM,City,RegSender_28,S_28,SA_28
TX_NORM_29,NORM_29,User_29,2026-03-27 08:16:17,Payment,50,5000,M_NORM,City,RegSender_29,S_29,SA_29
TX_NORM_30,NORM_30,User_30,2026-03-27 08:16:18,Payment,50,5000,M_NORM,City,RegSender_30,S_30,SA_30
